{"curBitcoin":0.0011395065812394,"curMoney":0,"cntPC":0,"curGPULevel":0,"recentlyTerminatedAt":"04/10/2021 17:10:48","hitPower":1.60160004725185E-06}