{"curBitcoin":0.318857342004776,"curMoney":10524387,"cntPC":59,"curGPULevel":3,"recentlyTerminatedAt":"04/11/2021 14:30:48","hitPower":2.13284110941458E-05}